<annotation>
	<folder>train</folder>
	<filename>IMG_20200226_173209.jpg</filename>
	<path>E:\train\IMG_20200226_173209.jpg</path>
	<source>
		<database>Unknown</database>
	</source>
	<size>
		<width>4000</width>
		<height>3000</height>
		<depth>3</depth>
	</size>
	<segmented>0</segmented>
	<object>
		<name>connector</name>
		<pose>Unspecified</pose>
		<truncated>0</truncated>
		<difficult>0</difficult>
		<bndbox>
			<xmin>737</xmin>
			<ymin>858</ymin>
			<xmax>2537</xmax>
			<ymax>2797</ymax>
		</bndbox>
	</object>
</annotation>
