<annotation>
	<folder>train</folder>
	<filename>IMG_20200226_173231 (1).jpg</filename>
	<path>E:\train\IMG_20200226_173231 (1).jpg</path>
	<source>
		<database>Unknown</database>
	</source>
	<size>
		<width>3000</width>
		<height>4000</height>
		<depth>3</depth>
	</size>
	<segmented>0</segmented>
	<object>
		<name>connector</name>
		<pose>Unspecified</pose>
		<truncated>0</truncated>
		<difficult>0</difficult>
		<bndbox>
			<xmin>1284</xmin>
			<ymin>1790</ymin>
			<xmax>1832</xmax>
			<ymax>2338</ymax>
		</bndbox>
	</object>
</annotation>
