<annotation>
	<folder>train</folder>
	<filename>IMG_20200228_122223.jpg</filename>
	<path>E:\train\IMG_20200228_122223.jpg</path>
	<source>
		<database>Unknown</database>
	</source>
	<size>
		<width>1824</width>
		<height>4000</height>
		<depth>3</depth>
	</size>
	<segmented>0</segmented>
	<object>
		<name>connector</name>
		<pose>Unspecified</pose>
		<truncated>0</truncated>
		<difficult>0</difficult>
		<bndbox>
			<xmin>209</xmin>
			<ymin>1295</ymin>
			<xmax>1318</xmax>
			<ymax>2917</ymax>
		</bndbox>
	</object>
</annotation>
