<annotation>
	<folder>train</folder>
	<filename>IMG_20200226_173226 (2).jpg</filename>
	<path>E:\train\IMG_20200226_173226 (2).jpg</path>
	<source>
		<database>Unknown</database>
	</source>
	<size>
		<width>3000</width>
		<height>4000</height>
		<depth>3</depth>
	</size>
	<segmented>0</segmented>
	<object>
		<name>connector</name>
		<pose>Unspecified</pose>
		<truncated>0</truncated>
		<difficult>0</difficult>
		<bndbox>
			<xmin>567</xmin>
			<ymin>1338</ymin>
			<xmax>2102</xmax>
			<ymax>3051</ymax>
		</bndbox>
	</object>
</annotation>
