<annotation>
	<folder>train</folder>
	<filename>IMG_20200226_173237 (2).jpg</filename>
	<path>E:\train\IMG_20200226_173237 (2).jpg</path>
	<source>
		<database>Unknown</database>
	</source>
	<size>
		<width>4000</width>
		<height>3000</height>
		<depth>3</depth>
	</size>
	<segmented>0</segmented>
	<object>
		<name>connector</name>
		<pose>Unspecified</pose>
		<truncated>0</truncated>
		<difficult>0</difficult>
		<bndbox>
			<xmin>1950</xmin>
			<ymin>719</ymin>
			<xmax>2569</xmax>
			<ymax>1274</ymax>
		</bndbox>
	</object>
</annotation>
